N,Chain_ms,TwoWay_ms,Speedup
128,0.000189,0.000091,2.08
256,0.000399,0.000207,1.93
384,0.000638,0.000310,2.06
512,0.000832,0.000452,1.84
640,0.001063,0.000557,1.91
768,0.001347,0.000682,1.98
896,0.001571,0.000788,1.99
1024,0.001697,0.000828,2.05
1152,0.001884,0.000933,2.02
1280,0.002090,0.001063,1.97
1408,0.002316,0.001144,2.02
1536,0.002605,0.001269,2.05
1664,0.002757,0.001602,1.72
1792,0.003216,0.001544,2.08
1920,0.003324,0.001668,1.99
2048,0.003499,0.001800,1.94
